company_name,year_month,length,first_senti_avg,last_senti_avg,senti_improve,verify_thread
ATT,2017-09,3.6,2.0,2.1,0.1,5
ATT,2017-10,3.5851528384279474,1.7670305676855895,1.7984716157205247,0.03144104803493449,229
ATT,2017-11,4.105263157894737,1.7192982456140353,1.700877192982456,-0.018421052631578953,19
ATT,2017-12,4.25,2.0166666666666666,2.0,-0.016666666666666663,4
ATVIAssist,2015-09,5.0,2.0,2.0,0.0,1
ATVIAssist,2015-10,3.0,2.0,2.0,0.0,1
ATVIAssist,2016-02,7.5,2.0,2.0,0.0,2
ATVIAssist,2017-02,3.5,4.0,1.5,-2.5,2
ATVIAssist,2017-04,3.0,3.0,3.0,0.0,1
ATVIAssist,2017-05,3.0,1.0,2.0,1.0,1
ATVIAssist,2017-07,7.0,1.5,2.0,0.5,2
ATVIAssist,2017-08,4.571428571428571,1.5714285714285714,1.7857142857142858,0.21428571428571427,7
ATVIAssist,2017-09,4.6,1.6333333333333333,1.8694444444444445,0.23611111111111113,15
ATVIAssist,2017-10,5.0987341772151895,1.7002531645569632,1.81374321880651,0.11349005424954792,790
ATVIAssist,2017-11,3.9629990262901655,1.7076463269501252,1.8058144387258304,0.09816811177570663,1027
ATVIAssist,2017-12,4.088888888888889,1.8171296296296295,1.8525462962962964,0.03541666666666666,180
AWSSupport,2017-07,7.0,1.5,2.0,0.5,1
AWSSupport,2017-08,4.25,1.5833333333333333,1.75,0.16666666666666669,4
AWSSupport,2017-09,4.0,1.601851851851852,1.7805555555555554,0.17870370370370367,18
AWSSupport,2017-10,3.25,1.7569444444444446,2.097916666666667,0.3409722222222222,72
AWSSupport,2017-11,3.0588235294117645,1.7843137254901962,2.113725490196078,0.32941176470588235,17
AWSSupport,2017-12,3.0,1.6428571428571428,2.119047619047619,0.4761904761904762,7
AdobeCare,2017-07,14.75,1.9166666666666665,2.125,0.20833333333333337,4
AdobeCare,2017-09,9.0,1.818840579710145,1.7934782608695652,-0.02536231884057971,23
AdobeCare,2017-10,5.7585692995529065,1.7594883258817697,1.9162692498758067,0.15678092399403862,671
AdobeCare,2017-11,5.155234657039712,1.684396309667068,1.880625752105896,0.19622944243882873,277
AdobeCare,2017-12,4.09433962264151,1.6678796046720576,1.930817610062893,0.2629380053908356,53
AirAsiaSupport,2015-03,4.0,2.0,2.4,0.3999999999999999,1
AirAsiaSupport,2015-10,6.0,1.5,2.0,0.5,3
AirAsiaSupport,2016-08,7.0,2.0,2.0,0.0,1
AirAsiaSupport,2017-03,4.0,2.0,2.0,0.0,1
AirAsiaSupport,2017-05,3.0,2.0,1.5,-0.5,2
AirAsiaSupport,2017-06,3.0,2.0,1.875,-0.125,2
AirAsiaSupport,2017-07,12.0,1.5,2.0,0.5,1
AirAsiaSupport,2017-08,4.0,2.0,1.0,-1.0,1
AirAsiaSupport,2017-09,9.894736842105264,1.8421052631578947,2.1973684210526314,0.35526315789473684,19
AirAsiaSupport,2017-10,5.719723183391004,1.8924699291481302,1.907563025210084,0.0150930960619542,289
AirAsiaSupport,2017-11,5.006622516556291,1.8713694418164604,1.9229245506149473,0.051555108798486286,604
AirAsiaSupport,2017-12,4.220338983050848,1.8053672316384177,1.9434826472962068,0.13811541565778856,59
AirbnbHelp,2017-08,4.0,2.0,2.0,0.0,1
AirbnbHelp,2017-09,9.434782608695652,2.0217391304347827,1.7826086956521738,-0.23913043478260865,23
AirbnbHelp,2017-10,4.671195652173913,1.7446040372670808,1.923414855072464,0.17881081780538308,368
AirbnbHelp,2017-11,4.888888888888889,1.7391345427059712,1.8917989417989418,0.1526643990929705,126
AirbnbHelp,2017-12,3.9603960396039604,1.8200612918434698,1.8900165016501653,0.06995520980669498,101
AlaskaAir,2017-09,3.5,1.625,2.5,0.875,2
AlaskaAir,2017-10,4.232456140350878,1.8918128654970763,2.0423245614035097,0.15051169590643276,456
AlaskaAir,2017-11,4.4655172413793105,1.8331896551724136,2.022988505747126,0.18979885057471277,116
AlaskaAir,2017-12,4.023809523809524,1.755952380952381,2.032142857142857,0.2761904761904762,42
AldiUK,2017-02,4.0,2.5,2.2,-0.2999999999999998,1
AldiUK,2017-09,4.0,1.0,2.0,1.0,1
AldiUK,2017-10,3.4473684210526314,1.9155701754385965,2.023574561403509,0.10800438596491228,152
AldiUK,2017-11,3.4345238095238093,1.8344246031746034,1.9649801587301585,0.13055555555555556,168
AldiUK,2017-12,3.253012048192771,1.8576305220883527,2.1315261044176705,0.2738955823293171,83
AmazonHelp,2015-12,3.0,1.5,1.5,0.0,1
AmazonHelp,2016-04,7.5,1.75,1.25,-0.5,2
AmazonHelp,2016-11,4.0,2.125,1.25,-0.875,4
AmazonHelp,2017-02,6.0,2.0,1.5,-0.5,2
AmazonHelp,2017-04,3.0,2.0,1.5,-0.5,1
AmazonHelp,2017-05,7.0,2.0,3.0,1.0,1
AmazonHelp,2017-06,7.0,1.75,1.25,-0.5,2
AmazonHelp,2017-07,12.428571428571429,1.2857142857142858,1.5714285714285714,0.28571428571428586,7
AmazonHelp,2017-08,23.48148148148148,2.1203703703703702,1.5191358024691357,-0.6012345679012344,27
AmazonHelp,2017-09,11.63519313304721,1.553648068669528,1.693383404864092,0.13973533619456366,233
AmazonHelp,2017-10,5.68484172360898,1.7463160425700552,1.814664668177083,0.06834862560702763,14342
AmazonHelp,2017-11,5.446885813148789,1.7590491294557056,1.8317885291371454,0.0727393996814412,5780
AmazonHelp,2017-12,4.918582375478927,1.7643428658754359,1.849308020452659,0.08496515457722356,3132
AmericanAir,2011-06,4.0,3.0,2.0,-1.0,1
AmericanAir,2015-04,3.0,2.4,2.5,0.10000000000000009,2
AmericanAir,2016-08,3.0,1.0,2.0,1.0,1
AmericanAir,2017-04,4.0,2.5,1.0,-1.5,1
AmericanAir,2017-06,5.0,1.3333333333333333,2.0,0.6666666666666667,1
AmericanAir,2017-07,3.0,1.5,2.0,0.5,1
AmericanAir,2017-08,4.5,1.8,1.6666666666666667,-0.13333333333333333,6
AmericanAir,2017-09,5.4375,1.515625,1.6041666666666665,0.08854166666666667,16
AmericanAir,2017-10,4.190575916230366,1.7579191944375172,1.8644357184409548,0.10651652400343525,2865
AmericanAir,2017-11,4.541666666666667,1.8224158346134136,1.9281586021505381,0.10574276753712246,744
AmericanAir,2017-12,4.045751633986928,1.7848895113601004,1.8957827575474637,0.11089324618736385,459
AppleSupport,2016-03,3.0,1.6666666666666667,2.0,0.33333333333333326,1
AppleSupport,2017-01,15.0,1.25,2.25,1.0,2
AppleSupport,2017-04,8.0,2.3333333333333335,1.6666666666666667,-0.6666666666666667,1
AppleSupport,2017-05,3.0,1.0,2.0,1.0,1
AppleSupport,2017-07,3.0,2.0,2.0,0.0,1
AppleSupport,2017-09,4.381818181818182,1.7242424242424241,1.678787878787879,-0.045454545454545456,55
AppleSupport,2017-10,4.338243520417676,1.7335206840521047,1.8423270557523774,0.10880637170027448,5363
AppleSupport,2017-11,4.519088016967126,1.7531615580130944,1.8684220825127504,0.11526052449965501,1886
AppleSupport,2017-12,4.185576077396658,1.7457930225740255,1.880165012354986,0.13437198978096074,1137
ArbysCares,2017-09,3.6458333333333335,1.628472222222222,1.9253472222222223,0.296875,48
ArbysCares,2017-10,3.8819875776397517,1.7474120082815734,1.9288819875776397,0.18146997929606626,161
ArbysCares,2017-11,3.7586206896551726,1.7339080459770115,1.963218390804598,0.22931034482758622,29
ArbysCares,2017-12,3.1666666666666665,1.9166666666666667,1.7777777777777777,-0.13888888888888892,6
ArgosHelpers,2017-09,7.5,2.0,1.5,-0.5,2
ArgosHelpers,2017-10,4.801909307875895,1.727525855210819,1.8793953858392998,0.15186953062848052,419
ArgosHelpers,2017-11,4.71496062992126,1.7517322834645672,1.968477690288714,0.21674540682414697,635
ArgosHelpers,2017-12,4.065359477124183,1.6377995642701524,1.9250544662309366,0.28725490196078424,153
AskAmex,2016-05,3.0,2.0,2.5,0.5,1
AskAmex,2017-04,9.0,1.75,2.0,0.25,1
AskAmex,2017-07,4.0,2.0,1.0,-1.0,2
AskAmex,2017-08,5.0,1.5,1.7,0.2,5
AskAmex,2017-09,6.466666666666667,1.6666666666666667,1.8777777777777775,0.2111111111111112,15
AskAmex,2017-10,5.289729729729729,1.7715675675675688,1.9429549549549554,0.17138738738738749,925
AskAmex,2017-11,5.095238095238095,1.7397435897435891,1.9257282400139548,0.18598465027036457,273
AskAmex,2017-12,5.043478260869565,1.8846014492753624,1.9278985507246378,0.04329710144927536,92
AskCiti,2017-01,6.0,2.0,3.0,1.0,3
AskCiti,2017-09,7.2,1.55,1.672222222222222,0.1222222222222222,15
AskCiti,2017-10,4.906832298136646,1.826175687666371,1.916149068322981,0.08997338065661047,161
AskCiti,2017-11,4.202247191011236,1.7595505617977527,1.8782771535580527,0.11872659176029962,89
AskCiti,2017-12,4.03125,1.7291666666666667,1.8057291666666666,0.0765625,32
AskDSC,2017-08,4.0,1.75,2.333333333333333,0.5833333333333333,2
AskDSC,2017-09,3.6666666666666665,1.6944444444444444,2.25,0.5555555555555555,6
AskDSC,2017-10,3.25,1.84375,1.875,0.03125,8
AskDSC,2017-11,3.0,2.0,2.0,0.0,1
AskDSC,2017-12,3.0,2.0,3.0,1.0,1
AskLyft,2015-08,3.75,1.0,1.8875,0.8875,4
AskLyft,2017-06,3.0,2.0,3.0,1.0,1
AskLyft,2017-09,4.0,2.0,3.0,1.0,1
AskLyft,2017-10,3.6761363636363638,1.7306344696969695,1.896259469696969,0.165625,352
AskLyft,2017-11,3.7439024390243905,1.7641260162601622,1.9850609756097561,0.22093495934959342,164
AskLyft,2017-12,3.716666666666667,1.7318749999999996,1.9629166666666662,0.23104166666666667,120
AskPapaJohns,2017-05,3.05,1.925,1.825,-0.09999999999999999,20
AskPapaJohns,2017-09,4.0,1.875,1.375,-0.5,4
AskPapaJohns,2017-10,3.819935691318328,1.7605573419078242,1.938156484458735,0.17759914255091105,311
AskPapaJohns,2017-11,4.435483870967742,1.9069508448540708,1.8771505376344086,-0.029800307219662068,62
AskPapaJohns,2017-12,3.731707317073171,1.961382113821138,1.9715447154471546,0.010162601626016267,41
AskPayPal,2017-05,3.0,2.5,3.0,0.5,1
AskPayPal,2017-09,5.0,1.5555555555555556,1.3333333333333333,-0.22222222222222224,3
AskPayPal,2017-10,3.958904109589041,1.7563356164383566,1.9634703196347034,0.20713470319634705,292
AskPayPal,2017-11,3.8578199052132702,1.7323854660347546,1.9459715639810422,0.21358609794628752,211
AskPayPal,2017-12,3.5652173913043477,1.8528985507246376,1.9365942028985512,0.08369565217391303,46
AskPlayStation,2014-07,12.0,1.6666666666666667,1.5,-0.16666666666666674,1
AskPlayStation,2015-02,3.6666666666666665,1.0,1.8333333333333333,0.8333333333333334,3
AskPlayStation,2015-09,3.0,3.0,1.0,-2.0,1
AskPlayStation,2015-12,4.0,2.0,2.0,0.0,1
AskPlayStation,2017-02,3.5,2.0,1.5,-0.5,2
AskPlayStation,2017-04,3.0,2.0,2.25,0.25,2
AskPlayStation,2017-05,3.0,1.0,2.0,1.0,1
AskPlayStation,2017-07,5.0,1.3333333333333333,2.0,0.6666666666666666,6
AskPlayStation,2017-08,4.0,1.8333333333333335,1.7142857142857142,-0.11904761904761907,7
AskPlayStation,2017-09,4.411764705882353,1.6176470588235294,1.6666666666666667,0.049019607843137275,17
AskPlayStation,2017-10,4.477881257275902,1.6472836631742338,1.8186304673208047,0.1713468041465712,1718
AskPlayStation,2017-11,4.436936936936937,1.6660714285714282,1.8835085085085086,0.21743707993707978,444
AskPlayStation,2017-12,4.511278195488722,1.5413533834586466,1.7844611528822054,0.24310776942355886,133
AskRBC,2017-05,4.0,2.5,2.0,-0.5,1
AskRBC,2017-09,3.588235294117647,1.8725490196078431,1.8823529411764706,0.009803921568627442,17
AskRBC,2017-10,3.793103448275862,1.7931034482758617,2.013984674329502,0.22088122605363983,87
AskRBC,2017-11,3.526315789473684,1.8710526315789473,1.9078947368421049,0.036842105263157905,19
AskRBC,2017-12,4.0625,1.71875,1.625,-0.09374999999999999,16
AskRobinhood,2016-01,3.0,1.5,1.0,-0.5,1
AskRobinhood,2017-02,4.0,2.5,1.0,-1.5,1
AskRobinhood,2017-09,3.8,1.9,1.8,-0.09999999999999998,10
AskRobinhood,2017-10,3.4545454545454546,1.8560606060606062,1.9318181818181819,0.07575757575757577,22
AskRobinhood,2017-11,3.75,1.75,2.020833333333333,0.2708333333333333,4
AskRobinhood,2017-12,3.0,2.0,2.0,0.0,1
AskSeagate,2014-12,7.0,1.5,2.0,0.5,1
AskSeagate,2017-05,5.0,2.0,2.0,0.0,1
AskSeagate,2017-06,3.0,1.0,1.5,0.5,1
AskSeagate,2017-09,5.333333333333333,1.5555555555555556,1.8703703703703702,0.3148148148148149,9
AskSeagate,2017-10,4.461538461538462,1.852564102564102,1.9807692307692308,0.1282051282051282,26
AskSeagate,2017-11,4.5,1.7642857142857142,1.6309523809523812,-0.13333333333333336,14
AskSeagate,2017-12,3.0,1.3333333333333333,1.0,-0.33333333333333326,1
AskTarget,2017-05,8.0,1.5,2.0,0.5,1
AskTarget,2017-07,4.0,1.0,2.0,1.0,1
AskTarget,2017-09,5.0,1.8333333333333333,2.0,0.16666666666666666,3
AskTarget,2017-10,4.031963470319635,1.790715372907154,1.8824200913242009,0.09170471841704719,219
AskTarget,2017-11,3.6608187134502925,1.7310776942355894,1.8885315139701104,0.1574538197345215,513
AskTarget,2017-12,3.5126582278481013,1.7847950572634115,1.8658755274261611,0.08108047016274866,158
AskTigogh,2017-09,6.454545454545454,1.7272727272727273,2.151515151515152,0.42424242424242425,11
AskTigogh,2017-10,5.3,2.004166666666667,2.125,0.12083333333333335,20
AskTigogh,2017-11,5.142857142857143,1.7857142857142858,2.142857142857143,0.35714285714285715,7
AskTigogh,2017-12,5.4,1.7466666666666668,1.9,0.15333333333333338,5
AskVirginMoney,2017-09,7.55,1.6708333333333336,1.8166666666666669,0.14583333333333331,20
AskVirginMoney,2017-10,6.04,1.7466666666666666,2.0322222222222224,0.2855555555555556,75
AskVirginMoney,2017-11,4.894736842105263,2.013157894736842,2.1622807017543857,0.14912280701754385,19
AskVirginMoney,2017-12,6.333333333333333,1.7592592592592595,2.111111111111111,0.35185185185185186,9
Ask_Spectrum,2015-04,3.0,1.5,1.5,0.0,1
Ask_Spectrum,2016-10,4.0,1.5,1.5,0.0,1
Ask_Spectrum,2017-06,5.0,1.0,2.0,1.0,1
Ask_Spectrum,2017-09,5.0,1.6666666666666667,1.5555555555555556,-0.11111111111111109,3
Ask_Spectrum,2017-10,4.811643835616438,1.6889586504312533,1.8123097412480977,0.12335109081684417,876
Ask_Spectrum,2017-11,4.474040632054176,1.667467483607438,1.8117327743738583,0.14426529076641942,443
Ask_Spectrum,2017-12,4.509157509157509,1.6916361416361418,1.8531135531135532,0.1614774114774115,273
Ask_WellsFargo,2016-02,4.0,1.5,2.0,0.5,1
Ask_WellsFargo,2017-07,4.0,2.0,1.0,-1.0,1
Ask_WellsFargo,2017-09,4.25,1.375,1.3541666666666665,-0.020833333333333343,8
Ask_WellsFargo,2017-10,3.9614147909967845,1.690353697749196,1.8084137191854233,0.11806002143622728,311
Ask_WellsFargo,2017-11,3.9583333333333335,1.6616319444444443,1.8321180555555558,0.17048611111111112,96
Ask_WellsFargo,2017-12,3.8783783783783785,1.672972972972973,1.7272200772200774,0.054247104247104244,74
AskeBay,2017-04,8.0,2.0,2.0,0.0,1
AskeBay,2017-07,3.5,2.1666666666666665,1.6666666666666665,-0.5,2
AskeBay,2017-08,3.5,1.6666666666666667,1.6875,0.02083333333333326,4
AskeBay,2017-09,5.470588235294118,1.6372549019607845,1.6450980392156864,0.007843137254901947,17
AskeBay,2017-10,5.375979112271541,1.6827458659704089,1.7751212234240956,0.09237535745368637,766
AskeBay,2017-11,5.326984126984127,1.7174829931972793,1.8354648526077098,0.11798185941043089,315
AskeBay,2017-12,4.137931034482759,1.6810344827586206,1.8623563218390804,0.18132183908045976,58
AsurionCares,2017-08,3.3333333333333335,2.1666666666666665,1.888888888888889,-0.27777777777777773,3
AsurionCares,2017-09,6.0,2.0,1.7142857142857142,-0.2857142857142857,7
AsurionCares,2017-10,5.176795580110498,1.7528545119705343,1.7452117863720074,-0.007642725598526695,181
AsurionCares,2017-11,4.613636363636363,1.540530303030303,1.9541666666666666,0.4136363636363637,44
AsurionCares,2017-12,5.1,1.6833333333333336,1.6633333333333333,-0.019999999999999973,10
AzureSupport,2017-04,6.0,1.5,1.3333333333333333,-0.16666666666666674,3
AzureSupport,2017-07,4.0,2.0,2.3333333333333335,0.3333333333333335,1
AzureSupport,2017-09,5.285714285714286,1.7857142857142858,1.6904761904761905,-0.09523809523809525,7
AzureSupport,2017-10,5.445945945945946,1.7395270270270273,1.9445409695409694,0.2050139425139426,444
AzureSupport,2017-11,5.631578947368421,1.7878167641325535,1.9558479532163742,0.16803118908382064,171
AzureSupport,2017-12,5.853658536585366,1.6544715447154474,1.965447154471545,0.3109756097560976,41
BofA_Help,2014-05,5.0,1.0,2.0,1.0,2
BofA_Help,2015-12,3.0,2.0,1.5,-0.5,2
BofA_Help,2016-07,4.0,2.3333333333333335,2.0,-0.3333333333333335,2
BofA_Help,2016-10,11.0,2.0,2.3333333333333335,0.3333333333333335,1
BofA_Help,2017-01,6.0,1.0,2.0,1.0,3
BofA_Help,2017-08,4.0,2.0,2.5,0.5,2
BofA_Help,2017-09,5.470588235294118,1.5588235294117647,1.5588235294117647,0.0,17
BofA_Help,2017-10,4.3325,1.777270833333334,1.8155565476190458,0.038285714285714284,800
BofA_Help,2017-11,4.301075268817204,1.6884365932753023,1.8944444444444446,0.2060078511691415,279
BofA_Help,2017-12,3.8461538461538463,1.620299145299145,1.906837606837607,0.2865384615384616,78
BoostCare,2017-09,3.6666666666666665,1.7407407407407407,1.9814814814814818,0.24074074074074078,9
BoostCare,2017-10,3.78,1.7673333333333332,1.805,0.037666666666666654,50
BoostCare,2017-11,4.375,1.7083333333333333,1.8125,0.10416666666666666,8
BoostCare,2017-12,3.8,1.7,1.8,0.1,5
British_Airways,2015-03,5.5,1.3333333333333333,1.3333333333333333,5.551115123125783e-17,4
British_Airways,2015-10,4.0,2.0,2.0,0.0,2
British_Airways,2016-06,6.5,1.75,1.5,-0.25,2
British_Airways,2017-04,6.0,2.5,1.5,-1.0,1
British_Airways,2017-06,8.0,1.0,1.0,0.0,1
British_Airways,2017-07,19.9,1.95,1.55,-0.4000000000000001,10
British_Airways,2017-08,9.0,2.0303030303030303,1.4696969696969695,-0.5606060606060607,11
British_Airways,2017-09,6.305555555555555,1.6030092592592589,1.7557870370370372,0.15277777777777776,72
British_Airways,2017-10,4.7029930928626245,1.7361756751818154,1.8564366114826574,0.12026093630084411,2606
British_Airways,2017-11,4.7844311377245505,1.7926546906187637,1.8830196749358425,0.0903649843170801,835
British_Airways,2017-12,4.006024096385542,1.9287650602409636,1.9195496270797472,-0.009215433161216292,332
CarlsJr,2017-09,3.466666666666667,1.922222222222222,1.8333333333333333,-0.08888888888888888,15
CarlsJr,2017-10,3.0,2.25,1.5555555555555556,-0.6944444444444443,3
CarlsJr,2017-11,3.0,1.4333333333333333,1.8,0.36666666666666664,5
CenturyLinkHelp,2017-09,4.75,1.375,2.125,0.75,4
CenturyLinkHelp,2017-10,3.7281553398058254,1.7566920943134532,1.7689320388349516,0.012239944521497915,206
CenturyLinkHelp,2017-11,4.391304347826087,1.8185300207039339,1.751690821256039,-0.06683919944789513,69
CenturyLinkHelp,2017-12,3.642857142857143,1.4434523809523812,1.7946428571428574,0.3511904761904762,28
ChaseSupport,2013-07,3.0,2.0,2.0,0.0,1
ChaseSupport,2014-08,6.0,1.6666666666666667,2.0,0.33333333333333326,1
ChaseSupport,2015-11,4.0,1.0,2.0,1.0,2
ChaseSupport,2017-01,6.0,2.0,2.0,0.0,1
ChaseSupport,2017-05,4.0,2.3333333333333335,2.0,-0.3333333333333335,1
ChaseSupport,2017-06,4.0,2.0,2.0,0.0,1
ChaseSupport,2017-09,5.0,2.1666666666666665,1.777777777777778,-0.38888888888888884,3
ChaseSupport,2017-10,4.237037037037037,1.7708024691358026,1.9443827160493827,0.17358024691358026,270
ChaseSupport,2017-11,4.229166666666667,1.7834201388888895,1.9294270833333333,0.14600694444444443,96
ChaseSupport,2017-12,4.150943396226415,1.6361635220125788,1.9386792452830188,0.3025157232704403,53
ChipotleTweets,2012-09,3.0,1.5,2.0,0.5,1
ChipotleTweets,2017-07,4.0,3.0,1.5,-1.5,1
ChipotleTweets,2017-09,5.222222222222222,1.5925925925925926,1.783333333333333,0.19074074074074077,9
ChipotleTweets,2017-10,3.8122513922036596,1.8242072962836673,1.9806663636019244,0.15645906731825593,1257
ChipotleTweets,2017-11,3.80794701986755,1.877633238725954,1.9770971302428257,0.09946389151687166,302
ChipotleTweets,2017-12,3.891472868217054,1.7999446290143966,1.9709302325581395,0.1709856035437431,129
CoxHelp,2013-12,9.0,2.0,3.0,1.0,1
CoxHelp,2017-08,4.0,2.0,2.0,0.0,1
CoxHelp,2017-09,3.6,1.8666666666666667,1.7,-0.16666666666666674,5
CoxHelp,2017-10,4.582623509369676,1.7068710959681992,1.7621237932992624,0.055252697331061876,587
CoxHelp,2017-11,4.744565217391305,1.8283902691511387,1.8441252587991723,0.01573498964803315,184
CoxHelp,2017-12,4.336956521739131,1.7069616977225677,1.8115553830227742,0.10459368530020703,92
DellCares,2015-09,3.0,2.0,1.0,-1.0,1
DellCares,2017-09,7.894736842105263,1.236842105263158,1.6842105263157894,0.4473684210526316,19
DellCares,2017-10,5.108597285067873,1.6689291101055808,1.8597285067873306,0.19079939668174958,221
DellCares,2017-11,4.47008547008547,1.6127696377696372,1.7880952380952377,0.17532560032560027,117
DellCares,2017-12,4.344827586206897,1.8758620689655177,2.0405172413793102,0.16465517241379315,58
Delta,2016-08,3.0,2.0,2.0,0.0,1
Delta,2017-01,4.0,2.5,2.0,-0.5,2
Delta,2017-03,5.0,2.0,2.0,0.0,1
Delta,2017-06,3.0,2.0,1.0,-1.0,1
Delta,2017-07,4.0,1.8333333333333333,2.3333333333333335,0.5,3
Delta,2017-08,13.357142857142858,1.8392857142857142,1.8571428571428574,0.017857142857142842,14
Delta,2017-09,4.85,1.7083333333333333,1.8541666666666665,0.14583333333333331,20
Delta,2017-10,4.558956916099773,1.7787023539574587,1.918619299571681,0.13991694561422444,2646
Delta,2017-11,4.556511056511057,1.8267296517296538,1.976210951210952,0.1494812994812994,814
Delta,2017-12,4.176470588235294,1.8711527035056448,1.8974153297682705,0.02626262626262627,374
DoorDash_Help,2017-09,3.090909090909091,1.765151515151515,2.0575757575757576,0.2924242424242424,11
DoorDash_Help,2017-10,3.1772151898734178,1.760337552742616,1.9789029535864977,0.21856540084388185,79
DoorDash_Help,2017-11,3.72,1.9366666666666668,1.7126666666666666,-0.22399999999999998,25
DoorDash_Help,2017-12,3.0,1.7555555555555558,1.7422222222222223,-0.013333333333333345,15
DropboxSupport,2017-08,6.0,2.0,1.0,-1.0,2
DropboxSupport,2017-09,5.375,1.8333333333333335,1.8229166666666665,-0.010416666666666685,40
DropboxSupport,2017-10,5.05859375,1.780143229166667,1.877734375,0.09759114583333331,256
DropboxSupport,2017-11,5.3310344827586205,1.826436781609196,1.997931034482759,0.17149425287356324,145
DropboxSupport,2017-12,4.142857142857143,1.6428571428571428,1.4047619047619049,-0.23809523809523808,7
DunkinDonuts,2017-09,3.0,1.9333333333333336,2.1,0.16666666666666666,5
DunkinDonuts,2017-10,3.0697674418604652,1.6569767441860466,1.8410852713178292,0.1841085271317829,43
DunkinDonuts,2017-11,3.0,1.75,1.8333333333333333,0.08333333333333333,9
DunkinDonuts,2017-12,3.0,2.0,2.0,0.0,1
GWRHelp,2013-02,6.0,2.0,2.0,0.0,1
GWRHelp,2014-04,7.0,2.0,2.0,0.0,1
GWRHelp,2017-01,3.0,2.0,2.0,0.0,1
GWRHelp,2017-02,9.0,2.3333333333333335,2.0,-0.3333333333333335,1
GWRHelp,2017-07,8.0,2.0,2.0,0.0,1
GWRHelp,2017-08,6.0,1.3333333333333333,1.8333333333333333,0.5,1
GWRHelp,2017-09,10.0,1.4629629629629628,2.111111111111111,0.6481481481481481,9
GWRHelp,2017-10,4.994606256742179,1.822941387989932,1.8965017722299269,0.07356038423999588,927
GWRHelp,2017-11,4.605985037406484,1.781569884811781,1.8487115544472146,0.06714166963543529,802
GWRHelp,2017-12,4.511428571428572,1.8113809523809514,1.8759319727891155,0.06455102040816324,350
GloCare,2014-08,7.833333333333333,2.0,1.6666666666666667,-0.3333333333333333,6
GloCare,2015-09,5.0,2.5,2.075,-0.425,4
GloCare,2016-09,5.0,2.0,1.0,-1.0,1
GloCare,2017-07,5.0,1.4444444444444446,1.3333333333333333,-0.11111111111111116,3
GloCare,2017-08,5.5,1.75,2.0,0.25,2
GloCare,2017-09,24.980392156862745,1.218954248366013,1.8088235294117647,0.5898692810457516,51
GloCare,2017-10,5.8997493734335835,1.6640350877192975,1.8757071249552448,0.21167203723594705,399
GloCare,2017-11,5.5966386554621845,1.6412665066026408,1.8766806722689076,0.23541416566626652,238
GloCare,2017-12,4.43298969072165,1.681615120274914,1.8355424644084437,0.15392734413352974,97
GoDaddyHelp,2017-08,3.0,2.0,3.0,1.0,1
GoDaddyHelp,2017-09,5.0,2.25,2.25,0.0,2
GoDaddyHelp,2017-10,4.185430463576159,1.7956953642384104,1.9232891832229577,0.1275938189845474,151
GoDaddyHelp,2017-11,4.075,1.6208333333333331,1.7725000000000002,0.15166666666666667,40
GoDaddyHelp,2017-12,3.769230769230769,1.5384615384615385,1.8461538461538463,0.3076923076923077,13
GooglePlayMusic,2017-08,3.0,1.5,2.0,0.5,1
GooglePlayMusic,2017-09,6.15,1.6291666666666669,1.8166666666666664,0.18749999999999994,20
GooglePlayMusic,2017-10,4.114754098360656,1.7404371584699454,1.9385245901639343,0.19808743169398915,61
GooglePlayMusic,2017-11,4.25,1.6625,1.6875,0.025,20
GooglePlayMusic,2017-12,3.857142857142857,1.75,1.8809523809523812,0.130952380952381,7
GreggsOfficial,2016-04,3.0,2.0,2.0,0.0,1
GreggsOfficial,2017-07,5.0,1.0,2.0,1.0,1
GreggsOfficial,2017-09,6.0,1.5,1.8333333333333333,0.3333333333333333,3
GreggsOfficial,2017-10,4.013333333333334,1.734777777777778,1.9953333333333334,0.2605555555555556,150
GreggsOfficial,2017-11,3.941666666666667,1.8363888888888886,1.9380555555555552,0.10166666666666671,240
GreggsOfficial,2017-12,3.6,1.7895238095238102,1.9076190476190475,0.11809523809523809,35
HPSupport,2016-07,6.5,1.5,1.5,0.0,2
HPSupport,2017-02,7.0,3.0,2.0,-1.0,1
HPSupport,2017-04,5.0,2.0,1.0,-1.0,1
HPSupport,2017-07,3.0,2.0,2.0,0.0,1
HPSupport,2017-08,3.0,1.6,1.8,0.2,5
HPSupport,2017-09,5.6,1.6666666666666667,1.7666666666666664,0.09999999999999995,10
HPSupport,2017-10,4.336842105263158,1.7608771929824558,1.8565789473684207,0.09570175438596493,190
HPSupport,2017-11,4.696428571428571,1.5952380952380951,1.8669642857142856,0.2717261904761905,56
HPSupport,2017-12,4.111111111111111,1.5546296296296296,1.935185185185185,0.3805555555555556,18
HiltonHelp,2017-02,4.0,1.6666666666666667,2.0,0.33333333333333326,1
HiltonHelp,2017-09,3.230769230769231,1.532051282051282,1.8974358974358976,0.36538461538461536,13
HiltonHelp,2017-10,3.9130434782608696,1.8894927536231885,1.88768115942029,-0.0018115942028985828,46
HiltonHelp,2017-11,3.0,2.5,2.0,-0.5,2
HotelTonightCX,2017-03,5.0,3.0,1.0,-2.0,3
HotelTonightCX,2017-08,4.0,2.0,1.0,-1.0,1
HotelTonightCX,2017-09,3.0,1.4,1.4,0.0,5
HotelTonightCX,2017-10,3.0,1.4,1.8,0.4,5
IHGService,2016-07,3.0,1.0,2.0,1.0,1
IHGService,2017-09,4.75,1.5,2.166666666666667,0.6666666666666667,4
IHGService,2017-10,4.408163265306122,1.636904761904762,1.894557823129252,0.2576530612244898,98
IHGService,2017-11,3.9,1.7583333333333335,1.8838888888888892,0.1255555555555556,30
IHGService,2017-12,3.8181818181818183,1.746212121212121,1.8825757575757576,0.1363636363636364,22
JackBox,2017-09,4.0,1.6666666666666667,2.0,0.33333333333333326,1
JackBox,2017-10,3.0,2.0,2.0,0.0,1
JetBlue,2016-05,3.0,1.6666666666666667,2.0,0.33333333333333326,1
JetBlue,2017-01,6.0,2.0,1.5,-0.5,1
JetBlue,2017-06,6.0,2.0,2.0,0.0,1
JetBlue,2017-09,4.2,2.1,2.2,0.1,5
JetBlue,2017-10,4.259863945578231,1.7539229024943315,1.891655328798186,0.13773242630385485,735
JetBlue,2017-11,4.255208333333333,1.871918402777778,2.021006944444444,0.14908854166666666,192
JetBlue,2017-12,3.8875,1.8543749999999999,2.0452083333333335,0.19083333333333333,80
KFC_UKI_Help,2017-06,3.0,1.6666666666666667,1.0,-0.6666666666666667,1
KFC_UKI_Help,2017-09,3.6666666666666665,1.222222222222222,1.6666666666666667,0.4444444444444445,6
KFC_UKI_Help,2017-10,3.0824175824175826,1.5635531135531135,1.842582417582418,0.27902930402930415,182
KFC_UKI_Help,2017-11,3.142857142857143,1.518707482993197,1.7517857142857143,0.233078231292517,28
KFC_UKI_Help,2017-12,3.5,1.2916666666666667,1.5,0.20833333333333331,4
KeyBank_Help,2017-09,3.9393939393939394,1.7666666666666666,1.6994949494949494,-0.06717171717171717,33
KeyBank_Help,2017-10,3.9347826086956523,1.6198757763975156,1.7844202898550723,0.1645445134575569,46
KeyBank_Help,2017-11,4.363636363636363,1.666666666666667,1.6454545454545455,-0.021212121212121196,11
KeyBank_Help,2017-12,4.0,1.8333333333333333,2.03125,0.19791666666666666,8
Kimpton,2017-08,3.0,2.0,2.0,0.0,1
Kimpton,2017-09,3.8333333333333335,2.138888888888889,1.9444444444444446,-0.19444444444444445,6
Kimpton,2017-10,4.119402985074627,2.208955223880597,2.1082089552238803,-0.10074626865671642,67
Kimpton,2017-11,4.2,1.8749999999999996,2.0816666666666666,0.20666666666666664,20
Kimpton,2017-12,3.7,2.0166666666666666,2.2833333333333337,0.26666666666666666,10
LondonMidland,2016-04,3.0,1.6666666666666667,1.0,-0.6666666666666667,1
LondonMidland,2017-10,4.48314606741573,1.7874531835205987,1.8769038701622975,0.08945068664169793,267
LondonMidland,2017-11,4.50390625,1.747591145833333,1.844819568452381,0.09722842261904764,256
LondonMidland,2017-12,3.934306569343066,1.8278588807785885,1.8918491484184916,0.06399026763990268,137
MOO,2017-01,4.0,2.0,1.6,-0.3999999999999999,1
MOO,2017-04,6.0,1.5,1.0,-0.5,1
MOO,2017-09,10.5,1.75,2.75,1.0,2
MOO,2017-10,4.0285714285714285,2.2047619047619045,2.2809523809523813,0.0761904761904762,35
MOO,2017-11,3.4285714285714284,2.2202380952380953,2.476190476190476,0.25595238095238093,14
MOO,2017-12,3.5,1.0,2.5,1.5,2
MTNC_Care,2017-08,6.0,2.0,2.0,0.0,1
MTNC_Care,2017-09,4.0,2.0,2.0,0.0,3
MTNC_Care,2017-10,3.825,1.9104166666666669,1.8725,-0.037916666666666675,40
MTNC_Care,2017-11,3.466666666666667,1.8783333333333332,2.0833333333333335,0.20500000000000002,30
MTNC_Care,2017-12,4.0,1.3333333333333333,2.0,0.6666666666666667,1
McDonalds,2016-06,3.0,3.0,2.0,-1.0,1
McDonalds,2016-10,3.0,1.25,2.0,0.75,1
McDonalds,2017-03,3.0,2.25,2.3333333333333335,0.08333333333333348,1
McDonalds,2017-07,3.0,2.0,1.5,-0.5,1
McDonalds,2017-08,3.0,2.0,2.0,0.0,1
McDonalds,2017-09,3.0,2.3333333333333335,2.0,-0.3333333333333333,3
McDonalds,2017-10,3.0085470085470085,2.026324786324786,2.03997150997151,0.013646723646723662,585
McDonalds,2017-11,3.051282051282051,1.950854700854701,2.0961538461538463,0.1452991452991453,39
McDonalds,2017-12,3.0,2.238095238095238,1.9761904761904763,-0.26190476190476186,14
MicrosoftHelps,2017-09,6.479166666666667,1.6722222222222223,1.8836805555555556,0.2114583333333333,48
MicrosoftHelps,2017-10,5.573770491803279,1.6939247830279658,1.8077949212471887,0.11387013821922204,1037
MicrosoftHelps,2017-11,5.470198675496689,1.703936718175129,1.8037159676232521,0.09977924944812366,453
MicrosoftHelps,2017-12,4.551181102362205,1.7098425196850395,1.8035433070866143,0.0937007874015748,127
Morrisons,2016-02,10.0,1.5,2.0,0.5,3
Morrisons,2017-07,4.5,2.0,2.5,0.5,2
Morrisons,2017-08,6.0,2.0,2.0,0.0,1
Morrisons,2017-09,6.769230769230769,1.5064102564102564,2.0256410256410255,0.5192307692307693,13
Morrisons,2017-10,4.462962962962963,1.794228395061728,1.9669444444444433,0.17271604938271612,540
Morrisons,2017-11,4.542274052478134,1.8145078439539073,1.9524017770373459,0.13789393308343748,343
Morrisons,2017-12,3.9849624060150375,1.7263694951664876,1.9483709273182956,0.22200143215180804,133
NeweggService,2017-09,3.6956521739130435,1.71304347826087,2.0434782608695654,0.33043478260869563,23
NeweggService,2017-10,3.75,1.9072916666666664,1.8506944444444444,-0.05659722222222219,48
NeweggService,2017-11,3.5757575757575757,1.7575757575757576,1.9070707070707071,0.14949494949494946,33
NeweggService,2017-12,3.5833333333333335,1.4930555555555556,1.9305555555555556,0.4375,12
NikeSupport,2015-04,4.0,2.0,2.0,0.0,1
NikeSupport,2016-09,3.0,1.6666666666666667,2.0,0.33333333333333326,1
NikeSupport,2016-10,4.0,1.5,1.0,-0.5,1
NikeSupport,2017-07,6.0,2.0,2.0,0.0,1
NikeSupport,2017-09,9.227272727272727,1.7424242424242424,1.9166666666666665,0.17424242424242428,22
NikeSupport,2017-10,5.828162291169451,1.721957040572793,1.9205421070576203,0.19858506648482785,419
NikeSupport,2017-11,6.03125,1.7227430555555552,1.9980902777777774,0.27534722222222224,96
NikeSupport,2017-12,6.260869565217392,1.5103519668737062,1.923913043478261,0.4135610766045549,23
NortonSupport,2017-09,10.2,1.675,2.15,0.475,20
NortonSupport,2017-10,6.271186440677966,1.8248587570621473,1.8918079096045195,0.06694915254237287,118
NortonSupport,2017-11,5.903846153846154,1.8894230769230769,1.7147435897435896,-0.1746794871794872,52
NortonSupport,2017-12,8.307692307692308,1.6602564102564101,1.8782051282051282,0.21794871794871792,13
O2,2016-11,5.0,1.5,2.0,0.5,1
O2,2017-02,24.0,1.0,2.0,1.0,1
O2,2017-06,8.0,3.0,1.5,-1.5,1
O2,2017-09,12.2,1.8,1.3666666666666667,-0.4333333333333334,5
O2,2017-10,5.163606010016695,1.7057874234835833,1.8259599332220366,0.1201725097384529,599
O2,2017-11,4.844213649851632,1.7287416342312487,1.7973011162922143,0.06855948206096572,674
O2,2017-12,4.212121212121212,1.6936983471074385,1.8091991341991343,0.11550078709169616,132
OPPOCareIN,2017-09,7.7,2.0,1.9300000000000002,-0.06999999999999999,10
OPPOCareIN,2017-10,4.516129032258065,1.6666666666666665,1.9569892473118278,0.29032258064516125,31
OPPOCareIN,2017-11,4.777777777777778,2.0833333333333335,1.7037037037037037,-0.3796296296296296,9
OfficeSupport,2017-08,6.0,2.5,1.8,-0.7,1
OfficeSupport,2017-09,7.111111111111111,1.5296296296296297,1.5,-0.0296296296296296,9
OfficeSupport,2017-10,7.0,1.6666666666666667,1.3333333333333333,-0.3333333333333333,3
OfficeSupport,2017-11,10.5,1.8333333333333333,2.0,0.1666666666666667,6
PandoraSupport,2016-11,3.0,1.5,2.0,0.5,1
PandoraSupport,2017-08,3.0,1.6666666666666667,2.0,0.33333333333333326,1
PandoraSupport,2017-09,3.782608695652174,1.5362318840579707,2.028985507246377,0.4927536231884058,23
PandoraSupport,2017-10,4.340425531914893,1.6354609929078017,1.8067375886524824,0.17127659574468082,47
PandoraSupport,2017-11,4.105263157894737,1.9815789473684209,2.0789473684210527,0.09736842105263159,19
PandoraSupport,2017-12,3.5555555555555554,1.814814814814815,1.8888888888888888,0.07407407407407408,9
PearsonSupport,2017-09,3.857142857142857,1.630952380952381,1.8968253968253965,0.26587301587301587,21
PearsonSupport,2017-10,4.016393442622951,1.610655737704918,1.9655737704918033,0.3549180327868853,61
PearsonSupport,2017-11,4.266666666666667,1.7,1.8444444444444446,0.14444444444444446,15
PearsonSupport,2017-12,4.0,1.75,1.75,0.0,1
Postmates_Help,2015-09,4.0,1.0,1.0,0.0,1
Postmates_Help,2017-04,3.0,2.0,2.0,0.0,1
Postmates_Help,2017-10,3.650717703349282,1.7889154704944181,1.8964912280701756,0.10757575757575756,209
Postmates_Help,2017-11,3.4571428571428573,1.6871428571428573,1.9423809523809523,0.25523809523809526,35
Postmates_Help,2017-12,3.923076923076923,1.6025641025641024,1.6794871794871797,0.07692307692307689,13
SCsupport,2017-06,5.0,2.0,1.0,-1.0,1
SCsupport,2017-08,8.0,2.5,2.0,-0.5,1
SCsupport,2017-09,3.8636363636363638,1.6424242424242423,2.0833333333333335,0.44090909090909086,22
SCsupport,2017-10,3.2016129032258065,1.8427419354838714,1.9717741935483872,0.12903225806451613,124
SCsupport,2017-11,3.061224489795918,1.6088435374149657,1.9659863945578233,0.35714285714285715,49
SW_Help,2017-06,3.0,1.5,1.6666666666666667,0.16666666666666674,1
SW_Help,2017-09,4.857142857142857,1.3809523809523812,1.3690476190476188,-0.011904761904761927,7
SW_Help,2017-10,4.480898876404495,1.6932958801498117,1.8885393258426961,0.19524344569288374,445
SW_Help,2017-11,4.300242130750605,1.6863945578231296,1.8487691686844234,0.16237461086129368,413
SW_Help,2017-12,4.2,1.6629824561403503,1.8989473684210527,0.23596491228070174,95
Safaricom_Care,2014-06,5.0,2.0,2.0,0.0,2
Safaricom_Care,2015-10,4.0,2.0,2.0,0.0,1
Safaricom_Care,2016-02,30.0,1.5,2.0,0.5,1
Safaricom_Care,2016-03,8.0,2.0,1.0,-1.0,1
Safaricom_Care,2016-05,3.0,2.0,2.3333333333333335,0.3333333333333335,1
Safaricom_Care,2016-08,13.0,1.5,3.0,1.5,1
Safaricom_Care,2016-12,12.0,1.5,2.5,1.0,2
Safaricom_Care,2017-02,4.25,1.25,1.875,0.625,4
Safaricom_Care,2017-03,4.0,2.0,2.0,0.0,1
Safaricom_Care,2017-04,3.0,1.0,2.0,1.0,1
Safaricom_Care,2017-05,7.666666666666667,2.0,1.2222222222222223,-0.7777777777777777,3
Safaricom_Care,2017-06,6.333333333333333,1.9166666666666667,1.0,-0.9166666666666666,3
Safaricom_Care,2017-07,9.6,2.0,1.9666666666666668,-0.033333333333333305,5
Safaricom_Care,2017-08,5.0,2.6666666666666665,2.0,-0.6666666666666666,3
Safaricom_Care,2017-09,7.285714285714286,1.8095238095238098,1.8214285714285714,0.011904761904761894,14
Safaricom_Care,2017-10,4.435759209344115,1.7557427373465109,1.9933363282419891,0.23759359089547769,1113
Safaricom_Care,2017-11,4.333333333333333,1.6985846560846558,1.960164021164021,0.2615793650793651,450
Safaricom_Care,2017-12,4.005235602094241,1.7765270506108206,1.9002617801047124,0.12373472949389178,191
SouthwestAir,2015-04,3.0,2.3333333333333335,2.0,-0.3333333333333335,1
SouthwestAir,2017-06,3.0,1.5,3.0,1.5,1
SouthwestAir,2017-07,6.0,1.0,2.0,1.0,1
SouthwestAir,2017-08,6.0,1.3333333333333335,2.0,0.6666666666666666,2
SouthwestAir,2017-09,6.25,1.8750000000000002,2.3645833333333335,0.48958333333333326,8
SouthwestAir,2017-10,4.252525252525253,1.9003367003367004,2.050774410774411,0.1504377104377104,1485
SouthwestAir,2017-11,4.16421052631579,1.9123859649122805,2.0391102756892234,0.1267243107769424,475
SouthwestAir,2017-12,3.9008620689655173,1.9825431034482761,2.0747844827586213,0.09224137931034483,232
SpotifyCares,2015-08,4.0,2.0,2.0,0.0,1
SpotifyCares,2016-11,3.5,2.166666666666667,1.5,-0.6666666666666667,2
SpotifyCares,2017-01,4.0,2.0,1.3333333333333333,-0.6666666666666667,1
SpotifyCares,2017-03,4.666666666666667,1.3333333333333333,1.6666666666666667,0.3333333333333333,3
SpotifyCares,2017-04,5.5,2.0,1.5,-0.5,2
SpotifyCares,2017-06,5.666666666666667,1.8333333333333333,2.0833333333333335,0.25,3
SpotifyCares,2017-07,4.0,2.3333333333333335,2.0,-0.3333333333333335,1
SpotifyCares,2017-08,8.714285714285714,1.6428571428571428,2.238095238095238,0.5952380952380952,7
SpotifyCares,2017-09,6.37037037037037,1.7253086419753088,1.8086419753086418,0.08333333333333333,27
SpotifyCares,2017-10,5.159066808059385,1.7768822905620356,1.9816012725344636,0.20471898197242847,1886
SpotifyCares,2017-11,4.817142857142857,1.770598639455782,1.9570510204081633,0.18645238095238093,700
SpotifyCares,2017-12,4.337979094076655,1.7920773187323715,2.004006968641115,0.211929649908744,287
TMobileHelp,2013-05,5.0,2.0,2.0,0.0,1
TMobileHelp,2013-09,3.0,1.0,3.0,2.0,1
TMobileHelp,2017-01,4.0,1.8,2.0,0.19999999999999996,1
TMobileHelp,2017-03,4.0,2.5,2.0,-0.5,1
TMobileHelp,2017-04,5.0,2.0,2.0,0.0,1
TMobileHelp,2017-05,6.0,1.9333333333333336,1.1,-0.8333333333333334,5
TMobileHelp,2017-06,9.5,1.75,1.5,-0.25,2
TMobileHelp,2017-07,4.0,2.25,2.0,-0.25,2
TMobileHelp,2017-08,5.5,2.0,1.75,-0.25,2
TMobileHelp,2017-09,5.555555555555555,1.8333333333333333,2.138888888888889,0.3055555555555556,9
TMobileHelp,2017-10,4.389992057188245,1.7268208294221004,1.8708498808578238,0.1440290514357234,1259
TMobileHelp,2017-11,4.470459518599562,1.7048061894341981,1.866666666666666,0.16186047723246844,457
TMobileHelp,2017-12,4.038647342995169,1.6557453416149075,1.8710029905682082,0.21525764895330096,207
TacoBellTeam,2017-04,5.5,2.0,1.75,-0.25,2
TacoBellTeam,2017-06,3.0,2.0,1.5,-0.5,2
TacoBellTeam,2017-08,5.0,1.0,1.0,0.0,1
TacoBellTeam,2017-09,4.7272727272727275,1.7121212121212124,2.0,0.2878787878787879,11
TacoBellTeam,2017-10,4.033980582524272,1.6941343042071197,1.9796116504854369,0.28547734627831717,412
TacoBellTeam,2017-11,4.225,1.6958333333333335,1.8666666666666667,0.17083333333333334,40
TacoBellTeam,2017-12,4.277777777777778,1.9027777777777777,2.037037037037037,0.13425925925925924,18
Tesco,2015-03,8.0,1.3333333333333333,1.0,-0.33333333333333326,1
Tesco,2017-05,12.0,1.5,2.0,0.5,2
Tesco,2017-06,9.0,2.3333333333333335,1.6666666666666667,-0.6666666666666666,3
Tesco,2017-07,12.0,1.6666666666666667,2.0,0.33333333333333326,1
Tesco,2017-09,5.647058823529412,1.7058823529411764,2.0,0.29411764705882354,17
Tesco,2017-10,4.950199203187251,1.7247549484601277,1.85655631442484,0.13180136596471254,1506
Tesco,2017-11,4.877659574468085,1.778554542384329,1.904135708656985,0.12558116627265556,1128
Tesco,2017-12,4.303206997084548,1.8892128279883382,1.9109329446064138,0.021720116618075793,343
TfL,2017-09,4.666666666666667,1.6666666666666667,2.0,0.3333333333333333,3
TfL,2017-10,3.7962962962962963,1.7910493827160494,1.9768518518518519,0.18580246913580248,108
TfL,2017-11,3.6,1.8003703703703704,1.988888888888889,0.18851851851851853,45
TfL,2017-12,3.2777777777777777,1.7870370370370372,2.1296296296296298,0.3425925925925926,18
TwitterSupport,2015-04,3.0,1.0,1.5,0.5,4
TwitterSupport,2017-10,3.1724137931034484,1.9827586206896552,1.6436781609195403,-0.339080459770115,29
UPSHelp,2017-08,4.0,1.6,2.0,0.3999999999999999,1
UPSHelp,2017-09,3.3333333333333335,2.3333333333333335,1.8888888888888886,-0.4444444444444445,3
UPSHelp,2017-10,3.7203065134099615,1.7509350483488415,1.8582056194125158,0.10727057106367449,522
UPSHelp,2017-11,3.7288888888888887,1.7752222222222225,1.8619629629629635,0.08674074074074076,450
UPSHelp,2017-12,3.325281803542673,1.79499910538558,1.8373706004140793,0.04237149502849981,621
USCellularCares,2017-09,5.0,1.8676470588235294,1.8774509803921569,0.009803921568627456,17
USCellularCares,2017-10,6.397260273972603,1.7100456621004565,1.8287671232876712,0.1187214611872146,73
USCellularCares,2017-11,6.303030303030303,1.676767676767677,1.9444444444444442,0.2676767676767676,33
USCellularCares,2017-12,5.25,1.791666666666667,2.0,0.20833333333333326,4
Uber_Support,2016-11,5.0,2.0,1.5,-0.5,1
Uber_Support,2017-04,4.0,2.0,1.8333333333333335,-0.16666666666666663,2
Uber_Support,2017-05,6.25,1.6250000000000002,1.6666666666666667,0.04166666666666663,4
Uber_Support,2017-06,4.5,1.25,2.0,0.75,2
Uber_Support,2017-07,4.5,1.0,2.5,1.5,2
Uber_Support,2017-08,3.6666666666666665,1.9444444444444444,1.6666666666666667,-0.27777777777777773,3
Uber_Support,2017-09,5.038461538461538,1.6769230769230767,1.7115384615384615,0.03461538461538461,26
Uber_Support,2017-10,4.0841690544412605,1.7242896370582579,1.8247569586573902,0.10046732159912687,2792
Uber_Support,2017-11,4.645794966236955,1.6971169646123583,1.7749861147651191,0.07786915015275978,1629
Uber_Support,2017-12,4.098101265822785,1.7275768535262213,1.8221267832027328,0.09454992967651199,948
VMUcare,2017-09,4.833333333333333,1.5833333333333333,1.8333333333333333,0.25,6
VMUcare,2017-10,4.242105263157895,1.7561403508771931,1.7671929824561403,0.011052631578947356,95
VMUcare,2017-11,5.266666666666667,1.868888888888889,2.0,0.1311111111111111,15
VMUcare,2017-12,4.222222222222222,1.6666666666666667,2.0,0.3333333333333333,9
VerizonSupport,2017-09,6.866666666666666,1.5888888888888888,1.6777777777777778,0.08888888888888888,15
VerizonSupport,2017-10,5.7652232746955345,1.6662381596752376,1.8384335330884718,0.17219537341323538,1478
VerizonSupport,2017-11,6.104815864022663,1.725023607176582,1.8445703493862131,0.11954674220963167,353
VerizonSupport,2017-12,5.7874564459930316,1.6087937614070023,1.8484403517504566,0.23964659034345454,287
VirginAmerica,2017-06,3.0,1.0,1.5,0.5,1
VirginAmerica,2017-09,3.5,1.875,2.1666666666666665,0.29166666666666663,2
VirginAmerica,2017-10,4.326829268292683,1.6755284552845529,1.8666666666666667,0.19113821138211373,205
VirginAmerica,2017-11,4.405405405405405,1.9968468468468465,1.9684684684684688,-0.028378378378378404,37
VirginAmerica,2017-12,3.7058823529411766,1.6666666666666665,1.5147058823529411,-0.15196078431372553,17
VirginAtlantic,2017-09,6.2,2.033333333333333,1.8,-0.23333333333333334,5
VirginAtlantic,2017-10,4.4,1.840321285140562,2.0080321285140554,0.16771084337349396,415
VirginAtlantic,2017-11,4.341614906832298,1.7994824016563145,1.9673913043478262,0.16790890269151137,161
VirginAtlantic,2017-12,3.8214285714285716,1.7895833333333335,1.9479166666666665,0.1583333333333333,56
VirginTrains,2012-12,8.0,1.3333333333333333,1.5,0.16666666666666674,1
VirginTrains,2015-05,8.0,1.5,1.0,-0.5,1
VirginTrains,2017-03,3.0,2.0,2.0,0.0,2
VirginTrains,2017-06,5.333333333333333,2.0,1.8333333333333333,-0.16666666666666666,3
VirginTrains,2017-08,40.5,2.375,1.5,-0.875,4
VirginTrains,2017-09,8.0,1.5555555555555556,1.7037037037037037,0.14814814814814817,9
VirginTrains,2017-10,4.918287937743191,1.8153220925205358,1.940570687418936,0.12524859489840046,1285
VirginTrains,2017-11,4.988666085440279,1.7764727861502063,1.9199308755760356,0.14345808942583138,1147
VirginTrains,2017-12,4.017615176151762,1.8094318621757655,1.930487804878049,0.12105594270228413,738
Walmart,2017-10,3.685185185185185,2.2253086419753085,2.240740740740741,0.01543209876543211,54
Walmart,2017-11,3.5238095238095237,2.186904761904762,2.1765873015873014,-0.01031746031746034,42
Walmart,2017-12,3.5,2.4583333333333335,2.125,-0.33333333333333337,4
XboxSupport,2017-07,4.0,3.0,1.6666666666666667,-1.3333333333333333,1
XboxSupport,2017-08,5.0,2.0,1.0,-1.0,1
XboxSupport,2017-09,4.9375,1.9114583333333333,1.6354166666666667,-0.2760416666666667,16
XboxSupport,2017-10,4.5202646815550045,1.7320099255583146,1.8477598566308244,0.11574993107251162,1209
XboxSupport,2017-11,4.646846846846847,1.7786186186186186,1.7819683319683313,0.003349713349713328,555
XboxSupport,2017-12,4.467391304347826,1.7634057971014492,1.861413043478261,0.0980072463768116,276
YahooCare,2017-03,5.0,1.0,2.3333333333333335,1.3333333333333335,1
YahooCare,2017-09,5.714285714285714,1.5,1.75,0.25,7
YahooCare,2017-10,3.986666666666667,1.6977777777777778,1.751269841269841,0.05349206349206348,75
YahooCare,2017-11,3.25,1.6614583333333333,1.6729166666666668,0.011458333333333334,16
YahooCare,2017-12,3.8181818181818183,1.575757575757576,1.9545454545454546,0.37878787878787873,11
airtel_care,2014-08,3.0,1.5,2.0,0.5,1
airtel_care,2016-04,8.0,2.0,3.0,1.0,1
airtel_care,2017-03,4.0,3.0,2.0,-1.0,1
airtel_care,2017-04,4.0,1.0,1.0,0.0,1
airtel_care,2017-05,10.0,1.6666666666666667,1.0,-0.6666666666666667,1
airtel_care,2017-07,6.0,1.0,2.0,1.0,1
airtel_care,2017-08,24.0,1.0,1.5,0.5,3
airtel_care,2017-09,7.0,1.6172839506172838,1.70679012345679,0.08950617283950625,27
airtel_care,2017-10,5.070469798657718,1.795581655480985,1.827428891019495,0.03184723553851069,298
airtel_care,2017-11,5.067114093959732,1.6421700223713651,1.779186641099393,0.13701661872802812,298
airtel_care,2017-12,4.310344827586207,1.6356321839080459,1.9002873563218392,0.2646551724137931,58
ask_progressive,2017-09,3.5,1.78125,2.0729166666666665,0.29166666666666663,8
ask_progressive,2017-10,3.3846153846153846,1.6967948717948718,1.8192307692307692,0.12243589743589745,26
ask_progressive,2017-11,3.2,1.7844444444444443,1.6155555555555556,-0.16888888888888892,15
ask_progressive,2017-12,3.0,2.0,2.0,0.0,1
askpanera,2017-09,3.5,1.6416666666666668,1.810833333333333,0.16916666666666663,20
askpanera,2017-10,3.6203703703703702,1.5617283950617287,1.9023148148148148,0.3405864197530864,108
askpanera,2017-11,3.4285714285714284,1.5916666666666666,1.8511904761904763,0.2595238095238095,28
askpanera,2017-12,3.6666666666666665,2.0370370370370368,2.0,-0.03703703703703703,9
asksalesforce,2017-09,4.142857142857143,1.7857142857142858,1.9166666666666665,0.13095238095238093,7
asksalesforce,2017-10,4.081081081081081,1.7972972972972974,1.959459459459459,0.1621621621621622,37
asksalesforce,2017-11,3.642857142857143,1.744047619047619,1.9226190476190477,0.17857142857142858,14
asksalesforce,2017-12,3.375,1.8125,2.3125,0.5,8
askvisa,2017-08,4.5,2.5,1.625,-0.875,2
askvisa,2017-09,3.8518518518518516,1.817901234567901,1.8024691358024691,-0.015432098765432093,27
askvisa,2017-10,3.7954545454545454,1.712121212121212,1.878787878787879,0.16666666666666663,44
askvisa,2017-11,3.75,1.9083333333333334,1.8124999999999998,-0.09583333333333338,12
comcastcares,2017-01,3.5,2.0,1.75,-0.25,2
comcastcares,2017-06,4.0,1.0,1.6666666666666667,0.6666666666666667,1
comcastcares,2017-08,3.3333333333333335,2.033333333333333,1.7777777777777777,-0.2555555555555556,3
comcastcares,2017-09,4.176470588235294,1.838235294117647,1.7647058823529411,-0.0735294117647059,17
comcastcares,2017-10,4.325047801147227,1.7445492206964481,1.863935172539379,0.11938595184293078,1046
comcastcares,2017-11,4.179775280898877,1.7089834135901552,1.82073568753344,0.1117522739432851,445
comcastcares,2017-12,4.3310580204778155,1.718876970583455,1.8774744027303756,0.1585974321469202,293
hulu_support,2014-09,4.0,1.5,1.45,-0.050000000000000044,2
hulu_support,2016-05,4.0,2.0,1.0,-1.0,1
hulu_support,2016-10,3.0,2.0,2.0,0.0,1
hulu_support,2017-01,6.0,1.0,1.0,0.0,1
hulu_support,2017-06,3.0,2.0,2.5,0.5,1
hulu_support,2017-08,13.5,1.8125,1.8958333333333335,0.08333333333333334,8
hulu_support,2017-09,5.781512605042017,1.6026610644257708,1.7946778711484597,0.19201680672268914,119
hulu_support,2017-10,4.458899676375404,1.7301309909076885,1.895598705501617,0.16546771459392826,1545
hulu_support,2017-11,4.485838779956427,1.8028114949683574,1.9807941695196594,0.17798267455130198,459
hulu_support,2017-12,4.089285714285714,1.6546237244897957,1.9320684523809526,0.27744472789115643,224
idea_cares,2015-12,8.0,1.5,2.3333333333333335,0.8333333333333335,2
idea_cares,2016-02,4.0,1.0,1.0,0.0,1
idea_cares,2016-09,4.0,1.0,1.6666666666666667,0.6666666666666666,3
idea_cares,2017-02,3.0,1.6,1.6666666666666667,0.06666666666666665,1
idea_cares,2017-07,6.333333333333333,2.0833333333333335,1.472222222222222,-0.6111111111111112,6
idea_cares,2017-08,7.0,1.9333333333333331,1.6,-0.3333333333333333,5
idea_cares,2017-09,7.069767441860465,1.5658914728682172,1.644518272425249,0.07862679955703208,43
idea_cares,2017-10,5.156736938588451,1.6539751647680159,1.7720014403561606,0.11802627558814542,1091
idea_cares,2017-11,5.214421252371917,1.7078792807445566,1.781621035510979,0.07374175476642268,527
idea_cares,2017-12,4.192090395480226,1.5727289032373777,1.8379069141781013,0.2651780109407228,177
marksandspencer,2017-04,6.0,2.3333333333333335,2.0,-0.3333333333333335,1
marksandspencer,2017-07,6.0,2.0,1.5,-0.5,1
marksandspencer,2017-08,7.75,3.0,1.25,-1.75,4
marksandspencer,2017-09,5.5,1.75,2.25,0.5,2
marksandspencer,2017-10,4.392550143266476,1.7921680993314235,1.9426592986764906,0.1504911993450675,349
marksandspencer,2017-11,4.455882352941177,1.840245681605976,1.994117647058823,0.15387196545284776,408
marksandspencer,2017-12,3.7662337662337664,1.8853896103896106,1.9988095238095234,0.11341991341991345,154
mediatemplehelp,2017-08,6.0,2.0,2.5,0.5,2
mediatemplehelp,2017-09,4.9411764705882355,1.6764705882352942,1.8235294117647058,0.14705882352941177,17
mediatemplehelp,2017-10,4.083333333333333,1.8333333333333333,1.6666666666666667,-0.16666666666666666,12
mediatemplehelp,2017-11,4.125,2.114583333333333,1.8958333333333333,-0.21874999999999997,8
mediatemplehelp,2017-12,6.0,1.0,2.5,1.5,1
nationalrailenq,2017-10,4.642533936651584,1.745852187028657,1.9673453996983408,0.22149321266968325,221
nationalrailenq,2017-11,4.674603174603175,1.7787037037037035,1.9637566137566136,0.18505291005291005,126
nationalrailenq,2017-12,4.410256410256411,1.7955840455840457,2.086467236467236,0.29088319088319087,117
sainsburys,2015-05,8.0,2.0,1.0,-1.0,1
sainsburys,2016-12,3.0,2.0,2.0,0.0,1
sainsburys,2017-04,14.0,2.0,1.5,-0.5,1
sainsburys,2017-06,11.5,2.5,1.0,-1.5,2
sainsburys,2017-08,3.5,1.75,2.5,0.75,2
sainsburys,2017-09,12.2,2.0777777777777775,1.5666666666666667,-0.5111111111111113,15
sainsburys,2017-10,4.89527027027027,1.7496601512226513,1.8928189350064346,0.14315878378378394,1184
sainsburys,2017-11,4.754237288135593,1.7454449152542362,1.9357815442561195,0.19033662900188322,708
sainsburys,2017-12,3.873076923076923,1.752628205128205,2.0039102564102564,0.2512820512820512,260
sizehelpteam,2017-09,3.4285714285714284,1.5714285714285714,1.9523809523809523,0.380952380952381,7
sizehelpteam,2017-10,3.525,1.8354166666666667,2.0083333333333337,0.17291666666666666,40
sizehelpteam,2017-11,3.75,1.7801136363636367,1.9943181818181819,0.21420454545454543,88
sizehelpteam,2017-12,3.2,1.5,1.7,0.2,5
sprintcare,2016-03,3.0,2.3333333333333335,1.0,-1.3333333333333335,1
sprintcare,2016-10,4.0,2.0,2.0,0.0,1
sprintcare,2017-03,4.0,1.5,2.0,0.5,1
sprintcare,2017-06,6.0,1.0,1.0,0.0,1
sprintcare,2017-07,4.0,2.0,1.5,-0.5,2
sprintcare,2017-08,3.0,2.0,2.0,0.0,1
sprintcare,2017-09,7.181818181818182,2.085858585858586,2.3181818181818183,0.23232323232323235,33
sprintcare,2017-10,4.451507742461287,1.7316082586253752,1.753719874257771,0.022111615632398024,1227
sprintcare,2017-11,4.689149560117302,1.6999720709398132,1.7872922776148588,0.08732020667504538,341
sprintcare,2017-12,4.39344262295082,1.7300351288056208,1.7766393442622948,0.04660421545667448,122
